gene_id,genome_accession,Ce,NC,NOSC
JABJGX010000082.1_1,GB_GCA_018662075,-133.88,999,-0.134014014014014
JABJGX010000082.1_2,GB_GCA_018662075,-106.14999999999999,607,-0.17487644151565074
JABJGX010000082.1_3,GB_GCA_018662075,-219.3,2296,-0.09551393728222997
JABJGX010000068.1_1,GB_GCA_018662075,-243.86,2428,-0.10043657331136739
JABJGX010000068.1_2,GB_GCA_018662075,-309.69,2251,-0.13757885384273655
JABJGX010000068.1_3,GB_GCA_018662075,-63.91999999999999,696,-0.0918390804597701
JABJGX010000027.1_1,GB_GCA_018662075,-311.4,980,-0.3177551020408163
JABJGX010000027.1_2,GB_GCA_018662075,-72.3,1126,-0.06420959147424511
JABJGX010000027.1_3,GB_GCA_018662075,-457.64000000000004,2194,-0.20858705560619875
JABJGX010000027.1_4,GB_GCA_018662075,-535.98,3018,-0.1775944333996024
JABJGX010000027.1_5,GB_GCA_018662075,-845.45,2925,-0.28904273504273503
JABJGX010000027.1_6,GB_GCA_018662075,-229.62999999999997,1275,-0.1801019607843137
JABJGX010000027.1_7,GB_GCA_018662075,-827.9,3088,-0.2681023316062176
JABJGX010000027.1_8,GB_GCA_018662075,-724.2,2339,-0.3096194955109021
JABJGX010000027.1_9,GB_GCA_018662075,-845.82,2462,-0.3435499593826158
JABJGX010000027.1_10,GB_GCA_018662075,-151.86,678,-0.22398230088495577
JABJGX010000027.1_11,GB_GCA_018662075,-158.05,652,-0.24240797546012272
JABJGX010000027.1_12,GB_GCA_018662075,18.019999999999996,556,0.032410071942446037
JABJGX010000070.1_1,GB_GCA_018662075,-68.11,170,-0.4006470588235294
JABJGX010000070.1_2,GB_GCA_018662075,-182.42000000000004,585,-0.3118290598290599
JABJGX010000070.1_3,GB_GCA_018662075,-237.62,1340,-0.17732835820895523
JABJGX010000070.1_4,GB_GCA_018662075,112.56,829,0.13577804583835948
JABJGX010000070.1_5,GB_GCA_018662075,-1188.6399999999999,5504,-0.21595930232558136
JABJGX010000070.1_6,GB_GCA_018662075,-453.75,2787,-0.16280947255113024
JABJGX010000070.1_7,GB_GCA_018662075,-21.509999999999994,728,-0.029546703296703287
JABJGX010000070.1_8,GB_GCA_018662075,61.83,1018,0.06073673870333988
JABJGX010000070.1_9,GB_GCA_018662075,-479.61,3368,-0.1424020190023753
JABJGX010000070.1_10,GB_GCA_018662075,-281.64,2181,-0.12913342503438788
JABJGX010000070.1_11,GB_GCA_018662075,-63.57000000000001,660,-0.09631818181818183
JABJGX010000070.1_12,GB_GCA_018662075,-7.780000000000003,390,-0.019948717948717956
JABJGX010000070.1_13,GB_GCA_018662075,-95.8,611,-0.15679214402618658
JABJGX010000070.1_14,GB_GCA_018662075,-45.93,398,-0.11540201005025126
JABJGX010000070.1_15,GB_GCA_018662075,-353.58000000000004,1721,-0.20545031958163862
JABJGX010000070.1_16,GB_GCA_018662075,-247.10999999999996,3520,-0.07020170454545453
JABJGX010000070.1_17,GB_GCA_018662075,-173.54999999999998,1841,-0.09426941879413361
JABJGX010000070.1_18,GB_GCA_018662075,-135.75,392,-0.34630102040816324
JABJGX010000070.1_19,GB_GCA_018662075,-27.96,161,-0.17366459627329192
JABJGX010000070.1_20,GB_GCA_018662075,-209.27999999999997,1210,-0.17295867768595038
JABJGX010000045.1_1,GB_GCA_018662075,-87.77999999999999,638,-0.1375862068965517
JABJGX010000045.1_2,GB_GCA_018662075,-514.22,1710,-0.30071345029239765
JABJGX010000045.1_3,GB_GCA_018662075,-247.7,712,-0.3478932584269663
JABJGX010000045.1_4,GB_GCA_018662075,-243.69000000000005,756,-0.32234126984126993
JABJGX010000045.1_5,GB_GCA_018662075,-335.16,1634,-0.20511627906976745
JABJGX010000045.1_6,GB_GCA_018662075,-319.42,1467,-0.21773687798227676
JABJGX010000045.1_7,GB_GCA_018662075,-201.37,1978,-0.10180485338725986
JABJGX010000045.1_8,GB_GCA_018662075,-325.44,2180,-0.14928440366972476
JABJGX010000045.1_9,GB_GCA_018662075,-654.5699999999999,3509,-0.18654032487888286
JABJGX010000045.1_10,GB_GCA_018662075,-147.93,2026,-0.07301579466929911
JABJGX010000045.1_11,GB_GCA_018662075,-792.4100000000001,3045,-0.2602331691297209
JABJGX010000080.1_1,GB_GCA_018662075,-177.66,933,-0.19041800643086818
JABJGX010000080.1_2,GB_GCA_018662075,-59.83999999999999,660,-0.09066666666666665
JABJGX010000080.1_3,GB_GCA_018662075,-281.23,832,-0.33801682692307694
JABJGX010000080.1_4,GB_GCA_018662075,-174.21999999999997,988,-0.17633603238866394
JABJGX010000080.1_5,GB_GCA_018662075,-49.99,354,-0.14121468926553674
JABJGX010000071.1_1,GB_GCA_018662075,-403.16999999999996,2702,-0.14921169504071058
JABJGX010000071.1_2,GB_GCA_018662075,-157.63,1434,-0.10992329149232914
JABJGX010000071.1_3,GB_GCA_018662075,-301.7,1803,-0.1673322240709928
JABJGX010000071.1_4,GB_GCA_018662075,-497.54999999999995,2353,-0.2114534636634084
JABJGX010000071.1_5,GB_GCA_018662075,-217.57999999999998,645,-0.3373333333333333
JABJGX010000071.1_6,GB_GCA_018662075,-95.79,703,-0.1362588904694168
JABJGX010000071.1_7,GB_GCA_018662075,-139.48000000000002,963,-0.1448390446521288
JABJGX010000071.1_8,GB_GCA_018662075,-391.25,1310,-0.29866412213740456
JABJGX010000071.1_9,GB_GCA_018662075,-121.61,821,-0.14812423873325212
JABJGX010000071.1_10,GB_GCA_018662075,-592.47,1768,-0.33510746606334846
JABJGX010000071.1_11,GB_GCA_018662075,-97.76,496,-0.1970967741935484
JABJGX010000071.1_12,GB_GCA_018662075,-31.990000000000002,172,-0.18598837209302327
JABJGX010000071.1_13,GB_GCA_018662075,-121.69999999999999,354,-0.3437853107344632
JABJGX010000071.1_14,GB_GCA_018662075,-692.8499999999999,1877,-0.36912626531699516
JABJGX010000071.1_15,GB_GCA_018662075,-824.26,3056,-0.26971858638743457
JABJGX010000071.1_16,GB_GCA_018662075,-125.41999999999999,1046,-0.11990439770554492
JABJGX010000071.1_17,GB_GCA_018662075,-117.65,1070,-0.10995327102803738
JABJGX010000088.1_1,GB_GCA_018662075,-161.39,871,-0.18529276693455796
JABJGX010000088.1_2,GB_GCA_018662075,-301.43,4059,-0.07426213353042621
JABJGX010000088.1_3,GB_GCA_018662075,-80.00999999999999,349,-0.22925501432664755
JABJGX010000042.1_1,GB_GCA_018662075,2.1500000000000026,418,0.005143540669856466
JABJGX010000042.1_2,GB_GCA_018662075,-179.44,1608,-0.11159203980099502
JABJGX010000042.1_3,GB_GCA_018662075,-600.61,1840,-0.32641847826086956
JABJGX010000042.1_4,GB_GCA_018662075,-323.33,2261,-0.1430030959752322
JABJGX010000042.1_5,GB_GCA_018662075,-93.99000000000001,701,-0.13407988587731812
JABJGX010000042.1_6,GB_GCA_018662075,-270.11,1643,-0.16440048691418138
JABJGX010000042.1_7,GB_GCA_018662075,-49.81,530,-0.09398113207547171
JABJGX010000028.1_1,GB_GCA_018662075,-271.35,2086,-0.13008149568552255
JABJGX010000028.1_2,GB_GCA_018662075,-590.76,1706,-0.34628370457209845
JABJGX010000028.1_3,GB_GCA_018662075,-163.45,1355,-0.12062730627306273
JABJGX010000028.1_4,GB_GCA_018662075,-355.41999999999996,2331,-0.15247533247533246
JABJGX010000073.1_1,GB_GCA_018662075,-49.79,348,-0.14307471264367816
JABJGX010000073.1_2,GB_GCA_018662075,-175.79000000000002,1016,-0.17302165354330712
JABJGX010000073.1_3,GB_GCA_018662075,-207.85,1128,-0.1842641843971631
JABJGX010000073.1_4,GB_GCA_018662075,-212.06,983,-0.21572736520854527
JABJGX010000073.1_5,GB_GCA_018662075,-304.16,1230,-0.24728455284552847
JABJGX010000073.1_6,GB_GCA_018662075,-309.65,812,-0.3813423645320197
JABJGX010000073.1_7,GB_GCA_018662075,-241.64,1635,-0.1477920489296636
JABJGX010000073.1_8,GB_GCA_018662075,-22.060000000000002,237,-0.09308016877637132
JABJGX010000073.1_9,GB_GCA_018662075,6.080000000000001,343,0.017725947521865893
JABJGX010000073.1_10,GB_GCA_018662075,-201.63,507,-0.3976923076923077
JABJGX010000073.1_11,GB_GCA_018662075,-97.35999999999999,1214,-0.0801976935749588
JABJGX010000061.1_1,GB_GCA_018662075,-167.73,1244,-0.13483118971061092
JABJGX010000061.1_2,GB_GCA_018662075,-387.23,1354,-0.2859896602658789
JABJGX010000061.1_3,GB_GCA_018662075,-305.24,1930,-0.15815544041450777
JABJGX010000061.1_4,GB_GCA_018662075,-247.40000000000003,712,-0.3474719101123596
JABJGX010000061.1_5,GB_GCA_018662075,-285.99,1635,-0.17491743119266057
JABJGX010000061.1_6,GB_GCA_018662075,-209.92000000000002,999,-0.21013013013013015
JABJGX010000061.1_7,GB_GCA_018662075,-126.12,656,-0.19225609756097561
JABJGX010000061.1_8,GB_GCA_018662075,-381.38,1110,-0.3435855855855856
JABJGX010000061.1_9,GB_GCA_018662075,-262.25,1123,-0.23352626892252895
JABJGX010000061.1_10,GB_GCA_018662075,-271.55,1572,-0.17274173027989823
JABJGX010000061.1_11,GB_GCA_018662075,-139.4,552,-0.252536231884058
JABJGX010000061.1_12,GB_GCA_018662075,-697.04,2117,-0.32925838450637696
JABJGX010000061.1_13,GB_GCA_018662075,-695.99,4285,-0.1624247374562427
JABJGX010000061.1_14,GB_GCA_018662075,-187.99999999999997,1023,-0.18377321603128052
JABJGX010000061.1_15,GB_GCA_018662075,-257.94,1206,-0.21388059701492537
JABJGX010000061.1_16,GB_GCA_018662075,-404.1,2233,-0.18096730855351545
JABJGX010000061.1_17,GB_GCA_018662075,-117.57,568,-0.2069894366197183
JABJGX010000061.1_18,GB_GCA_018662075,-102.04999999999998,779,-0.13100128369704747
JABJGX010000061.1_19,GB_GCA_018662075,-155.94,481,-0.32419958419958417
JABJGX010000061.1_20,GB_GCA_018662075,-172.06000000000003,479,-0.3592066805845512
JABJGX010000074.1_1,GB_GCA_018662075,-251.53999999999996,1579,-0.15930335655478148
JABJGX010000074.1_2,GB_GCA_018662075,-154.20999999999998,706,-0.21842776203966002
JABJGX010000074.1_3,GB_GCA_018662075,-690.44,3785,-0.18241479524438575
JABJGX010000074.1_4,GB_GCA_018662075,-133.78,394,-0.33954314720812184
JABJGX010000074.1_5,GB_GCA_018662075,-243.3,2828,-0.08603253182461104
JABJGX010000074.1_6,GB_GCA_018662075,-231.59,547,-0.423382084095064
JABJGX010000074.1_7,GB_GCA_018662075,-82.05999999999999,428,-0.1917289719626168
JABJGX010000074.1_8,GB_GCA_018662075,-64.24000000000001,740,-0.08681081081081082
JABJGX010000074.1_9,GB_GCA_018662075,-87.99,472,-0.18641949152542373
JABJGX010000074.1_10,GB_GCA_018662075,-335.01,1738,-0.1927560414269275
JABJGX010000074.1_11,GB_GCA_018662075,-23.990000000000002,240,-0.09995833333333334
JABJGX010000077.1_1,GB_GCA_018662075,-259.73,1936,-0.1341580578512397
JABJGX010000077.1_2,GB_GCA_018662075,-245.87,1303,-0.18869531849577897
JABJGX010000077.1_3,GB_GCA_018662075,-173.51,755,-0.22981456953642382
JABJGX010000016.1_1,GB_GCA_018662075,-313.88,2327,-0.13488611946712506
JABJGX010000016.1_2,GB_GCA_018662075,-234.85999999999999,1517,-0.15481872116018455
JABJGX010000016.1_3,GB_GCA_018662075,-61.959999999999994,654,-0.0947400611620795
JABJGX010000079.1_1,GB_GCA_018662075,32.35,389,0.08316195372750643
JABJGX010000079.1_2,GB_GCA_018662075,-297.6,1605,-0.18542056074766355
JABJGX010000079.1_3,GB_GCA_018662075,-91.38,1002,-0.09119760479041916
JABJGX010000079.1_4,GB_GCA_018662075,-236.25,834,-0.28327338129496404
JABJGX010000034.1_1,GB_GCA_018662075,0.05000000000000071,114,0.0004385964912280764
JABJGX010000034.1_2,GB_GCA_018662075,-345.55000000000007,1182,-0.2923434856175974
JABJGX010000034.1_3,GB_GCA_018662075,-57.970000000000006,237,-0.24459915611814348
JABJGX010000034.1_4,GB_GCA_018662075,-31.979999999999997,365,-0.08761643835616438
JABJGX010000034.1_5,GB_GCA_018662075,-277.22,1809,-0.1532448866777225
JABJGX010000034.1_6,GB_GCA_018662075,-73.86,348,-0.2122413793103448
JABJGX010000034.1_7,GB_GCA_018662075,-267.51,702,-0.38106837606837607
JABJGX010000034.1_8,GB_GCA_018662075,-925.9499999999998,7282,-0.12715600109859926
JABJGX010000034.1_9,GB_GCA_018662075,-297.5,2642,-0.11260408781226344
JABJGX010000034.1_10,GB_GCA_018662075,-42.01,326,-0.12886503067484661
JABJGX010000034.1_11,GB_GCA_018662075,-1401.6599999999999,5686,-0.24651072810411534
JABJGX010000034.1_12,GB_GCA_018662075,-87.74999999999999,813,-0.10793357933579334
JABJGX010000034.1_13,GB_GCA_018662075,-71.75000000000001,516,-0.13905038759689925
JABJGX010000065.1_1,GB_GCA_018662075,-125.25,1517,-0.08256427158866184
JABJGX010000065.1_2,GB_GCA_018662075,-74.2,287,-0.25853658536585367
JABJGX010000065.1_3,GB_GCA_018662075,-345.55999999999995,1634,-0.21148102815177475
JABJGX010000065.1_4,GB_GCA_018662075,-119.75999999999999,953,-0.1256663168940189
JABJGX010000065.1_5,GB_GCA_018662075,-383.39,1123,-0.34139804096170967
JABJGX010000065.1_6,GB_GCA_018662075,-71.85000000000001,395,-0.18189873417721522
JABJGX010000065.1_7,GB_GCA_018662075,-87.79,428,-0.20511682242990656
JABJGX010000065.1_8,GB_GCA_018662075,-167.92999999999998,711,-0.23618846694796058
JABJGX010000065.1_9,GB_GCA_018662075,-113.81,742,-0.15338274932614557
JABJGX010000040.1_1,GB_GCA_018662075,-199.21,1608,-0.12388681592039802
JABJGX010000040.1_2,GB_GCA_018662075,-137.86,1023,-0.1347605083088954
JABJGX010000040.1_3,GB_GCA_018662075,-79.72999999999999,830,-0.0960602409638554
JABJGX010000040.1_4,GB_GCA_018662075,-297.73,1812,-0.16431015452538633
JABJGX010000072.1_1,GB_GCA_018662075,-982.0799999999999,6298,-0.1559352175293744
JABJGX010000072.1_2,GB_GCA_018662075,-81.95,610,-0.13434426229508198
JABJGX010000072.1_3,GB_GCA_018662075,-35.779999999999994,226,-0.15831858407079644
JABJGX010000072.1_4,GB_GCA_018662075,-113.86999999999999,834,-0.13653477218225418
JABJGX010000072.1_5,GB_GCA_018662075,-240.38000000000002,1196,-0.20098662207357862
JABJGX010000072.1_6,GB_GCA_018662075,-104.04,1265,-0.08224505928853755
JABJGX010000072.1_7,GB_GCA_018662075,-53.84,328,-0.16414634146341464
JABJGX010000085.1_1,GB_GCA_018662075,-447.77,2268,-0.19742945326278658
JABJGX010000085.1_2,GB_GCA_018662075,-658.66,1609,-0.4093598508390304
JABJGX010000085.1_3,GB_GCA_018662075,-656.3499999999999,2096,-0.3131440839694656
JABJGX010000085.1_4,GB_GCA_018662075,-187.94,1003,-0.1873778664007976
JABJGX010000085.1_5,GB_GCA_018662075,-299.88,2027,-0.14794277257030095
JABJGX010000085.1_6,GB_GCA_018662075,-222.04999999999998,1082,-0.20522181146025875
JABJGX010000066.1_1,GB_GCA_018662075,-107.01999999999998,2202,-0.04860127157129881
JABJGX010000066.1_2,GB_GCA_018662075,-107.89999999999999,510,-0.21156862745098037
JABJGX010000066.1_3,GB_GCA_018662075,-139.99000000000004,528,-0.2651325757575758
JABJGX010000046.1_1,GB_GCA_018662075,-109.71000000000001,740,-0.14825675675675676
JABJGX010000046.1_2,GB_GCA_018662075,-245.0,2792,-0.08775071633237823
JABJGX010000046.1_3,GB_GCA_018662075,-1147.18,6132,-0.18708088714938031
JABJGX010000046.1_4,GB_GCA_018662075,-117.69999999999999,924,-0.12738095238095237
JABJGX010000046.1_5,GB_GCA_018662075,-70.24999999999999,738,-0.09518970189701895
JABJGX010000046.1_6,GB_GCA_018662075,-301.22,2907,-0.10361885104919162
JABJGX010000046.1_7,GB_GCA_018662075,-157.53000000000003,1679,-0.09382370458606315
JABJGX010000046.1_8,GB_GCA_018662075,-202.80999999999997,2889,-0.07020076150917272
JABJGX010000046.1_9,GB_GCA_018662075,6.189999999999996,553,0.011193490054249541
JABJGX010000046.1_10,GB_GCA_018662075,-544.0,2674,-0.20344053851907254
JABJGX010000081.1_1,GB_GCA_018662075,-33.91,564,-0.0601241134751773
JABJGX010000081.1_2,GB_GCA_018662075,-87.93,208,-0.42274038461538466
JABJGX010000081.1_3,GB_GCA_018662075,-69.54,820,-0.0848048780487805
JABJGX010000081.1_4,GB_GCA_018662075,-916.29,3489,-0.2626225279449699
JABJGX010000081.1_5,GB_GCA_018662075,-118.02999999999999,506,-0.23326086956521735
JABJGX010000081.1_6,GB_GCA_018662075,-424.4,2414,-0.17580778790389395
JABJGX010000084.1_1,GB_GCA_018662075,-95.77999999999999,614,-0.1559934853420195
JABJGX010000084.1_2,GB_GCA_018662075,-133.88000000000005,1500,-0.08925333333333337
JABJGX010000084.1_3,GB_GCA_018662075,-113.94999999999999,482,-0.2364107883817427
JABJGX010000084.1_4,GB_GCA_018662075,-118.13999999999999,1419,-0.08325581395348836
JABJGX010000084.1_5,GB_GCA_018662075,-99.82,880,-0.11343181818181818
JABJGX010000084.1_6,GB_GCA_018662075,-397.14,952,-0.4171638655462185
JABJGX010000084.1_7,GB_GCA_018662075,7.840000000000003,1110,0.0070630630630630666
JABJGX010000084.1_8,GB_GCA_018662075,-80.19999999999999,676,-0.11863905325443785
JABJGX010000084.1_9,GB_GCA_018662075,-40.20000000000001,341,-0.1178885630498534
JABJGX010000084.1_10,GB_GCA_018662075,-379.28000000000003,1148,-0.33038327526132405
JABJGX010000084.1_11,GB_GCA_018662075,-121.89,227,-0.5369603524229075
JABJGX010000084.1_12,GB_GCA_018662075,-213.59,557,-0.3834649910233393
JABJGX010000084.1_13,GB_GCA_018662075,-375.03,2093,-0.17918299092212134
JABJGX010000086.1_1,GB_GCA_018662075,-12.05,207,-0.05821256038647343
JABJGX010000086.1_2,GB_GCA_018662075,-401.88,2369,-0.1696411988180667
JABJGX010000086.1_3,GB_GCA_018662075,-195.41000000000003,1320,-0.1480378787878788
JABJGX010000086.1_4,GB_GCA_018662075,-299.0799999999999,2668,-0.1120989505247376
JABJGX010000086.1_5,GB_GCA_018662075,-171.99,868,-0.19814516129032259
JABJGX010000086.1_6,GB_GCA_018662075,-441.65,2150,-0.20541860465116277
JABJGX010000086.1_7,GB_GCA_018662075,-233.7,728,-0.3210164835164835
JABJGX010000086.1_8,GB_GCA_018662075,-288.38,2217,-0.13007668019846638
JABJGX010000087.1_1,GB_GCA_018662075,-33.83,322,-0.10506211180124223
JABJGX010000087.1_2,GB_GCA_018662075,-98.12,881,-0.11137343927355278
JABJGX010000087.1_3,GB_GCA_018662075,-181.38,1952,-0.09292008196721312
JABJGX010000087.1_4,GB_GCA_018662075,-35.879999999999995,297,-0.1208080808080808
JABJGX010000083.1_1,GB_GCA_018662075,-382.30999999999995,2541,-0.1504565131837859
JABJGX010000083.1_2,GB_GCA_018662075,145.73,2311,0.0630592816962354
JABJGX010000054.1_1,GB_GCA_018662075,-274.67,1436,-0.19127437325905294
JABJGX010000054.1_2,GB_GCA_018662075,-999.0200000000001,4090,-0.2442591687041565
JABJGX010000054.1_3,GB_GCA_018662075,-233.39999999999998,2205,-0.1058503401360544
JABJGX010000054.1_4,GB_GCA_018662075,-225.62,1169,-0.19300256629597948
JABJGX010000054.1_5,GB_GCA_018662075,-209.57000000000002,1245,-0.16832931726907632
JABJGX010000054.1_6,GB_GCA_018662075,-18.04,104,-0.17346153846153844
JABJGX010000048.1_1,GB_GCA_018662075,-361.48,1243,-0.2908125502815768
JABJGX010000048.1_2,GB_GCA_018662075,-41.88,208,-0.20134615384615387
JABJGX010000048.1_3,GB_GCA_018662075,18.5,1301,0.014219830899308224
JABJGX010000048.1_4,GB_GCA_018662075,-238.08,1450,-0.16419310344827587
JABJGX010000048.1_5,GB_GCA_018662075,-383.32,3282,-0.11679463741620963
JABJGX010000048.1_6,GB_GCA_018662075,-138.02999999999997,1352,-0.10209319526627217
JABJGX010000048.1_7,GB_GCA_018662075,-131.45999999999998,1184,-0.11103040540540539
JABJGX010000069.1_1,GB_GCA_018662075,20.25,962,0.02104989604989605
JABJGX010000069.1_2,GB_GCA_018662075,-63.63999999999999,536,-0.11873134328358208
JABJGX010000069.1_3,GB_GCA_018662075,-717.0899999999999,2422,-0.2960734929810074
JABJGX010000069.1_4,GB_GCA_018662075,-116.05,552,-0.2102355072463768
JABJGX010000069.1_5,GB_GCA_018662075,-168.04999999999998,753,-0.22317397078353252
JABJGX010000069.1_6,GB_GCA_018662075,-73.94,700,-0.10562857142857142
JABJGX010000069.1_7,GB_GCA_018662075,-75.58000000000001,733,-0.1031105047748977
JABJGX010000069.1_8,GB_GCA_018662075,-197.60999999999999,1597,-0.12373825923606761
JABJGX010000069.1_9,GB_GCA_018662075,-31.74,264,-0.12022727272727272
JABJGX010000069.1_10,GB_GCA_018662075,-365.5,2436,-0.15004105090311987
JABJGX010000069.1_11,GB_GCA_018662075,-163.44,1445,-0.11310726643598616
JABJGX010000069.1_12,GB_GCA_018662075,-92.2,505,-0.18257425742574257
JABJGX010000069.1_13,GB_GCA_018662075,-157.89,952,-0.16585084033613445
JABJGX010000069.1_14,GB_GCA_018662075,-277.77,1832,-0.1516211790393013
JABJGX010000069.1_15,GB_GCA_018662075,-160.23000000000002,722,-0.2219252077562327
JABJGX010000069.1_16,GB_GCA_018662075,-449.01,1280,-0.35078906249999997
JABJGX010000069.1_17,GB_GCA_018662075,-45.89000000000001,1008,-0.04552579365079366
JABJGX010000069.1_18,GB_GCA_018662075,-65.86,620,-0.1062258064516129
JABJGX010000069.1_19,GB_GCA_018662075,-489.79,3131,-0.15643244969658257
JABJGX010000069.1_20,GB_GCA_018662075,-45.910000000000004,609,-0.07538587848932678
JABJGX010000055.1_1,GB_GCA_018662075,-219.37,1443,-0.15202356202356201
JABJGX010000055.1_2,GB_GCA_018662075,-569.1600000000001,1475,-0.385871186440678
JABJGX010000055.1_3,GB_GCA_018662075,-720.4,2829,-0.2546482856132909
JABJGX010000055.1_4,GB_GCA_018662075,-155.23,1094,-0.14189213893967093
JABJGX010000055.1_5,GB_GCA_018662075,-207.49,1279,-0.16222830336200156
JABJGX010000055.1_6,GB_GCA_018662075,-345.52,1900,-0.18185263157894735
JABJGX010000055.1_7,GB_GCA_018662075,-830.67,2269,-0.3660951961216395
JABJGX010000055.1_8,GB_GCA_018662075,-51.75,638,-0.08111285266457681
JABJGX010000055.1_9,GB_GCA_018662075,-386.99,2204,-0.1755852994555354
JABJGX010000055.1_10,GB_GCA_018662075,-157.81,1059,-0.14901794145420208
JABJGX010000055.1_11,GB_GCA_018662075,-301.4,1763,-0.17095859330686328
JABJGX010000055.1_12,GB_GCA_018662075,-203.39,1731,-0.11749855574812247
JABJGX010000055.1_13,GB_GCA_018662075,-337.83,1992,-0.1695933734939759
JABJGX010000055.1_14,GB_GCA_018662075,-215.24,678,-0.31746312684365785
JABJGX010000055.1_15,GB_GCA_018662075,-343.63,1885,-0.18229708222811672
JABJGX010000055.1_16,GB_GCA_018662075,-719.81,2440,-0.2950040983606557
JABJGX010000055.1_17,GB_GCA_018662075,-211.57999999999998,1216,-0.17399671052631577
JABJGX010000089.1_1,GB_GCA_018662075,-249.70999999999998,1666,-0.1498859543817527
JABJGX010000089.1_2,GB_GCA_018662075,-155.82,995,-0.15660301507537688
JABJGX010000089.1_3,GB_GCA_018662075,-1.7000000000000028,1603,-0.0010605115408608876
JABJGX010000089.1_4,GB_GCA_018662075,-103.91000000000001,1682,-0.06177764565992866
JABJGX010000089.1_5,GB_GCA_018662075,-18.04,104,-0.17346153846153844
JABJGX010000059.1_1,GB_GCA_018662075,-45.910000000000004,160,-0.2869375
JABJGX010000059.1_2,GB_GCA_018662075,-290.07000000000005,5860,-0.04950000000000001
JABJGX010000059.1_3,GB_GCA_018662075,-221.75000000000006,559,-0.39669051878354217
JABJGX010000059.1_4,GB_GCA_018662075,-272.91999999999996,2200,-0.12405454545454543
JABJGX010000059.1_5,GB_GCA_018662075,-191.52,545,-0.35141284403669726
JABJGX010000059.1_6,GB_GCA_018662075,-159.67000000000002,995,-0.16047236180904526
JABJGX010000059.1_7,GB_GCA_018662075,-251.63,1393,-0.1806389088298636
JABJGX010000059.1_8,GB_GCA_018662075,-513.3199999999999,2557,-0.20075087993742666
JABJGX010000059.1_9,GB_GCA_018662075,-905.76,5068,-0.17872138910812943
JABJGX010000059.1_10,GB_GCA_018662075,-145.63,823,-0.1769501822600243
JABJGX010000059.1_11,GB_GCA_018662075,-534.62,1539,-0.34738141650422355
JABJGX010000059.1_12,GB_GCA_018662075,-65.99999999999997,384,-0.17187499999999992
JABJGX010000059.1_13,GB_GCA_018662075,-121.86,928,-0.13131465517241378
JABJGX010000059.1_14,GB_GCA_018662075,1.9700000000000006,110,0.017909090909090916
JABJGX010000075.1_1,GB_GCA_018662075,-321.84,1916,-0.16797494780793318
JABJGX010000075.1_2,GB_GCA_018662075,-247.7,1918,-0.12914494264859228
JABJGX010000075.1_3,GB_GCA_018662075,-89.89999999999999,752,-0.11954787234042552
JABJGX010000075.1_4,GB_GCA_018662075,-237.66,1590,-0.14947169811320754
JABJGX010000032.1_1,GB_GCA_018662075,-519.8499999999999,2718,-0.19126195732155993
JABJGX010000032.1_2,GB_GCA_018662075,-153.44,2026,-0.07573543928923988
JABJGX010000032.1_3,GB_GCA_018662075,-237.33999999999997,1670,-0.1421197604790419
JABJGX010000032.1_4,GB_GCA_018662075,-237.79,2556,-0.0930320813771518
JABJGX010000032.1_5,GB_GCA_018662075,-794.44,3205,-0.24787519500780034
JABJGX010000032.1_6,GB_GCA_018662075,12.060000000000002,822,0.01467153284671533
JABJGX010000032.1_7,GB_GCA_018662075,-186.62,717,-0.26027894002789403
JABJGX010000032.1_8,GB_GCA_018662075,-85.95,628,-0.13686305732484078
JABJGX010000032.1_9,GB_GCA_018662075,-291.16,2070,-0.1406570048309179
JABJGX010000032.1_10,GB_GCA_018662075,-173.41000000000003,680,-0.255014705882353
JABJGX010000032.1_11,GB_GCA_018662075,-121.35000000000001,1340,-0.09055970149253732
JABJGX010000032.1_12,GB_GCA_018662075,-1083.77,6825,-0.15879413919413918
JABJGX010000090.1_1,GB_GCA_018662075,-361.86,2996,-0.12078104138851803
JABJGX010000090.1_2,GB_GCA_018662075,-297.84000000000003,639,-0.46610328638497656
JABJGX010000090.1_3,GB_GCA_018662075,-363.9,1749,-0.2080617495711835
JABJGX010000090.1_4,GB_GCA_018662075,-331.23,2344,-0.14130972696245733
JABJGX010000090.1_5,GB_GCA_018662075,-163.47,1691,-0.09667060910703726
JABJGX010000090.1_6,GB_GCA_018662075,-838.3800000000001,4504,-0.18614120781527532
JABJGX010000090.1_7,GB_GCA_018662075,-227.94,720,-0.3165833333333333
JABJGX010000090.1_8,GB_GCA_018662075,-94.21,445,-0.21170786516853932
JABJGX010000090.1_9,GB_GCA_018662075,-275.32000000000005,1727,-0.15942096120440072
JABJGX010000090.1_10,GB_GCA_018662075,-61.80000000000001,248,-0.2491935483870968
JABJGX010000090.1_11,GB_GCA_018662075,-105.70999999999998,1027,-0.10293086660175266
JABJGX010000090.1_12,GB_GCA_018662075,-421.9,2215,-0.19047404063205417
JABJGX010000090.1_13,GB_GCA_018662075,-594.3,4090,-0.14530562347188264
JABJGX010000090.1_14,GB_GCA_018662075,-85.67000000000002,1020,-0.08399019607843139
JABJGX010000090.1_15,GB_GCA_018662075,-383.81,2253,-0.17035508211273856
JABJGX010000090.1_16,GB_GCA_018662075,-203.64999999999998,1582,-0.12872945638432362
JABJGX010000090.1_17,GB_GCA_018662075,-495.44000000000005,2907,-0.17042999656002755
JABJGX010000090.1_18,GB_GCA_018662075,-272.34,2528,-0.10772943037974683
JABJGX010000090.1_19,GB_GCA_018662075,-103.92999999999998,319,-0.3257993730407523
JABJGX010000090.1_20,GB_GCA_018662075,-790.6600000000001,5054,-0.1564424218440839
JABJGX010000090.1_21,GB_GCA_018662075,-171.85,1352,-0.12710798816568047
JABJGX010000090.1_22,GB_GCA_018662075,-115.51999999999998,982,-0.11763747454175151
JABJGX010000090.1_23,GB_GCA_018662075,-615.64,3633,-0.16945774841728597
JABJGX010000090.1_24,GB_GCA_018662075,-201.65,1342,-0.1502608047690015
JABJGX010000090.1_25,GB_GCA_018662075,0.05999999999999828,139,0.0004316546762589804
JABJGX010000090.1_26,GB_GCA_018662075,-309.76,1876,-0.16511727078891258
JABJGX010000090.1_27,GB_GCA_018662075,-294.28999999999996,2076,-0.1417581888246628
JABJGX010000090.1_28,GB_GCA_018662075,16.18,325,0.049784615384615385
JABJGX010000090.1_29,GB_GCA_018662075,-201.55,693,-0.29083694083694084
JABJGX010000090.1_30,GB_GCA_018662075,-173.48,993,-0.1747029204431017
JABJGX010000090.1_31,GB_GCA_018662075,-802.1,3250,-0.24680000000000002
JABJGX010000090.1_32,GB_GCA_018662075,-247.59,1230,-0.20129268292682928
JABJGX010000090.1_33,GB_GCA_018662075,-39.31000000000002,1710,-0.022988304093567263
JABJGX010000090.1_34,GB_GCA_018662075,-79.07000000000001,1154,-0.06851819757365685
JABJGX010000012.1_1,GB_GCA_018662075,-245.76,1570,-0.15653503184713374
JABJGX010000012.1_2,GB_GCA_018662075,-120.21999999999998,454,-0.26480176211453743
JABJGX010000012.1_3,GB_GCA_018662075,-307.94,1978,-0.1556825075834176
JABJGX010000012.1_4,GB_GCA_018662075,-126.14,757,-0.1666314398943197
JABJGX010000011.1_1,GB_GCA_018662075,-20.08,149,-0.13476510067114092
JABJGX010000011.1_2,GB_GCA_018662075,-17.909999999999997,384,-0.04664062499999999
JABJGX010000011.1_3,GB_GCA_018662075,-260.02,1734,-0.14995386389850057
JABJGX010000011.1_4,GB_GCA_018662075,-98.14999999999999,542,-0.18108856088560885
JABJGX010000011.1_5,GB_GCA_018662075,-750.96,2546,-0.29495679497250593
JABJGX010000011.1_6,GB_GCA_018662075,-707.72,3915,-0.18077139208173693
JABJGX010000011.1_7,GB_GCA_018662075,-270.91,1597,-0.16963681903569194
JABJGX010000011.1_8,GB_GCA_018662075,-127.80000000000001,1055,-0.12113744075829384
JABJGX010000011.1_9,GB_GCA_018662075,-181.32999999999998,1377,-0.13168482207697893
JABJGX010000011.1_10,GB_GCA_018662075,-676.3299999999999,3735,-0.18107898259705488
JABJGX010000011.1_11,GB_GCA_018662075,-257.12,1022,-0.25158512720156556
JABJGX010000011.1_12,GB_GCA_018662075,-150.01999999999998,573,-0.26181500872600344
JABJGX010000011.1_13,GB_GCA_018662075,-979.79,7281,-0.13456805383875842
JABJGX010000011.1_14,GB_GCA_018662075,-91.86,667,-0.13772113943028486
JABJGX010000011.1_15,GB_GCA_018662075,-45.96000000000001,419,-0.10968973747016708
JABJGX010000011.1_16,GB_GCA_018662075,-139.97000000000003,750,-0.1866266666666667
JABJGX010000011.1_17,GB_GCA_018662075,-379.26,2473,-0.15336029114435906
JABJGX010000011.1_18,GB_GCA_018662075,-177.3,1531,-0.11580666231221425
JABJGX010000011.1_19,GB_GCA_018662075,-383.28,1411,-0.2716371367824238
JABJGX010000011.1_20,GB_GCA_018662075,-303.43,1549,-0.19588766946417044
JABJGX010000011.1_21,GB_GCA_018662075,-121.52000000000001,1068,-0.11378277153558053
JABJGX010000011.1_22,GB_GCA_018662075,-762.8700000000001,3880,-0.19661597938144332
JABJGX010000011.1_23,GB_GCA_018662075,-94.02000000000001,561,-0.16759358288770054
JABJGX010000011.1_24,GB_GCA_018662075,-93.85999999999999,691,-0.13583212735166422
JABJGX010000011.1_25,GB_GCA_018662075,-163.95,887,-0.18483652762119504
JABJGX010000011.1_26,GB_GCA_018662075,-3.9999999999999964,992,-0.0040322580645161255
JABJGX010000011.1_27,GB_GCA_018662075,-131.75,863,-0.15266512166859791
JABJGX010000011.1_28,GB_GCA_018662075,-195.23999999999998,1413,-0.1381740976645435
JABJGX010000011.1_29,GB_GCA_018662075,-15.420000000000003,885,-0.017423728813559327
JABJGX010000011.1_30,GB_GCA_018662075,-429.21000000000004,1384,-0.3101228323699422
JABJGX010000011.1_31,GB_GCA_018662075,-109.93999999999998,953,-0.1153620146904512
JABJGX010000011.1_32,GB_GCA_018662075,-211.96,1082,-0.1958964879852126
JABJGX010000011.1_33,GB_GCA_018662075,-199.72999999999996,1045,-0.1911291866028708
JABJGX010000011.1_34,GB_GCA_018662075,-172.15,728,-0.23646978021978024
JABJGX010000011.1_35,GB_GCA_018662075,-311.89,2336,-0.13351455479452054
JABJGX010000011.1_36,GB_GCA_018662075,-139.77,896,-0.15599330357142857
JABJGX010000011.1_37,GB_GCA_018662075,-585.49,3163,-0.18510591210875751
JABJGX010000011.1_38,GB_GCA_018662075,-193.76,1068,-0.18142322097378277
JABJGX010000011.1_39,GB_GCA_018662075,-434.84999999999997,2946,-0.14760692464358452
JABJGX010000011.1_40,GB_GCA_018662075,-84.03999999999999,629,-0.13360890302066772
JABJGX010000011.1_41,GB_GCA_018662075,-126.05,918,-0.13730936819172113
JABJGX010000011.1_42,GB_GCA_018662075,-700.54,2251,-0.31121279431363835
JABJGX010000011.1_43,GB_GCA_018662075,-219.20000000000002,2176,-0.10073529411764706
JABJGX010000011.1_44,GB_GCA_018662075,-139.70999999999998,1089,-0.12829201101928372
JABJGX010000010.1_1,GB_GCA_018662075,-221.81000000000006,1855,-0.11957412398921836
JABJGX010000010.1_2,GB_GCA_018662075,-143.42000000000002,1436,-0.09987465181058497
JABJGX010000010.1_3,GB_GCA_018662075,-30.110000000000003,322,-0.09350931677018634
JABJGX010000010.1_4,GB_GCA_018662075,-520.69,1573,-0.3310171646535283
JABJGX010000010.1_5,GB_GCA_018662075,-119.9,774,-0.15490956072351422
JABJGX010000010.1_6,GB_GCA_018662075,-255.65,1835,-0.13931880108991826
JABJGX010000010.1_7,GB_GCA_018662075,-196.04,772,-0.2539378238341969
JABJGX010000010.1_8,GB_GCA_018662075,-432.89000000000004,2484,-0.17427133655394528
JABJGX010000010.1_9,GB_GCA_018662075,13.910000000000007,693,0.02007215007215008
JABJGX010000010.1_10,GB_GCA_018662075,-333.65,1524,-0.21893044619422572
JABJGX010000010.1_11,GB_GCA_018662075,-137.89999999999998,836,-0.16495215311004782
JABJGX010000010.1_12,GB_GCA_018662075,-207.82999999999998,593,-0.3504721753794266
JABJGX010000010.1_13,GB_GCA_018662075,-91.91,223,-0.41215246636771297
JABJGX010000078.1_1,GB_GCA_018662075,-135.60000000000002,466,-0.2909871244635194
JABJGX010000078.1_2,GB_GCA_018662075,-109.94000000000001,974,-0.11287474332648872
JABJGX010000078.1_3,GB_GCA_018662075,-505.65,1604,-0.3152431421446384
JABJGX010000078.1_4,GB_GCA_018662075,-169.57,1045,-0.16226794258373206
JABJGX010000050.1_1,GB_GCA_018662075,-205.66,883,-0.23291053227633068
JABJGX010000050.1_2,GB_GCA_018662075,-500.88,1391,-0.3600862688713156
JABJGX010000050.1_3,GB_GCA_018662075,842.5200000000001,6580,0.12804255319148938
JABJGX010000050.1_4,GB_GCA_018662075,-271.63,1755,-0.15477492877492877
JABJGX010000057.1_1,GB_GCA_018662075,-172.24,512,-0.33640625
JABJGX010000057.1_2,GB_GCA_018662075,-129.39000000000001,1066,-0.12137898686679176
JABJGX010000057.1_3,GB_GCA_018662075,-654.55,1710,-0.3827777777777778
JABJGX010000057.1_4,GB_GCA_018662075,-247.33,1590,-0.15555345911949686
JABJGX010000057.1_5,GB_GCA_018662075,-401.15,1132,-0.3543727915194346
JABJGX010000057.1_6,GB_GCA_018662075,-297.63,783,-0.3801149425287356
JABJGX010000057.1_7,GB_GCA_018662075,-31.8,334,-0.09520958083832336
JABJGX010000057.1_8,GB_GCA_018662075,-21.89,170,-0.12876470588235295
JABJGX010000031.1_1,GB_GCA_018662075,-161.75000000000003,755,-0.21423841059602652
JABJGX010000031.1_2,GB_GCA_018662075,-78.00000000000001,155,-0.503225806451613
JABJGX010000031.1_3,GB_GCA_018662075,-505.32000000000005,1491,-0.3389134808853119
JABJGX010000031.1_4,GB_GCA_018662075,-493.43,1381,-0.35729905865314987
JABJGX010000031.1_5,GB_GCA_018662075,-77.98,360,-0.21661111111111112
JABJGX010000031.1_6,GB_GCA_018662075,-281.59999999999997,2231,-0.1262214253697893
JABJGX010000062.1_1,GB_GCA_018662075,-83.88,625,-0.134208
JABJGX010000062.1_2,GB_GCA_018662075,-64.14999999999999,327,-0.19617737003058103
JABJGX010000062.1_3,GB_GCA_018662075,-27.88,243,-0.11473251028806584
JABJGX010000062.1_4,GB_GCA_018662075,-25.92,165,-0.15709090909090911
JABJGX010000062.1_5,GB_GCA_018662075,-173.67000000000002,1385,-0.12539350180505415
JABJGX010000062.1_6,GB_GCA_018662075,-45.919999999999995,415,-0.11065060240963855
JABJGX010000062.1_7,GB_GCA_018662075,-619.12,2181,-0.28386978450252176
JABJGX010000062.1_8,GB_GCA_018662075,-112.24,599,-0.18737896494156928
JABJGX010000062.1_9,GB_GCA_018662075,-59.919999999999995,466,-0.12858369098712444
JABJGX010000062.1_10,GB_GCA_018662075,-281.31,2328,-0.12083762886597939
JABJGX010000044.1_1,GB_GCA_018662075,-465.76,2544,-0.1830817610062893
JABJGX010000044.1_2,GB_GCA_018662075,-65.55999999999999,533,-0.12300187617260785
JABJGX010000044.1_3,GB_GCA_018662075,-159.84,722,-0.22138504155124655
JABJGX010000044.1_4,GB_GCA_018662075,-207.43,1347,-0.1539940608760208
JABJGX010000044.1_5,GB_GCA_018662075,-247.64999999999998,1449,-0.17091097308488612
JABJGX010000044.1_6,GB_GCA_018662075,-37.940000000000005,363,-0.10451790633608816
JABJGX010000044.1_7,GB_GCA_018662075,-825.48,2626,-0.31434881949733434
JABJGX010000044.1_8,GB_GCA_018662075,-169.9,1244,-0.13657556270096463
JABJGX010000044.1_9,GB_GCA_018662075,-57.86000000000001,276,-0.2096376811594203
JABJGX010000009.1_1,GB_GCA_018662075,-211.67,1050,-0.20159047619047618
JABJGX010000009.1_2,GB_GCA_018662075,-123.53,1502,-0.08224367509986684
JABJGX010000009.1_3,GB_GCA_018662075,-271.47,1733,-0.15664743219849972
JABJGX010000009.1_4,GB_GCA_018662075,-223.45000000000002,1429,-0.15636808957312806
JABJGX010000009.1_5,GB_GCA_018662075,-361.91999999999996,1601,-0.22605871330418487
JABJGX010000009.1_6,GB_GCA_018662075,-337.31,1856,-0.18174030172413794
JABJGX010000009.1_7,GB_GCA_018662075,-347.7099999999999,1525,-0.22800655737704914
JABJGX010000041.1_1,GB_GCA_018662075,-443.25,1512,-0.2931547619047619
JABJGX010000041.1_2,GB_GCA_018662075,-382.13,2152,-0.17756970260223048
JABJGX010000041.1_3,GB_GCA_018662075,-417.18000000000006,3147,-0.13256434699714015
JABJGX010000041.1_4,GB_GCA_018662075,-163.89999999999998,710,-0.2308450704225352
JABJGX010000041.1_5,GB_GCA_018662075,-62.10000000000001,315,-0.19714285714285718
JABJGX010000018.1_1,GB_GCA_018662075,-411.97,2645,-0.15575425330812856
JABJGX010000018.1_2,GB_GCA_018662075,-141.36,1058,-0.13361058601134218
JABJGX010000018.1_3,GB_GCA_018662075,-58.059999999999995,449,-0.12930957683741648
JABJGX010000018.1_4,GB_GCA_018662075,-517.3,1398,-0.37002861230329037
JABJGX010000018.1_5,GB_GCA_018662075,-179.19,1351,-0.13263508512213176
JABJGX010000018.1_6,GB_GCA_018662075,-265.3,1857,-0.14286483575659667
JABJGX010000018.1_7,GB_GCA_018662075,-245.56,1428,-0.1719607843137255
JABJGX010000018.1_8,GB_GCA_018662075,-878.46,2495,-0.35208817635270545
JABJGX010000018.1_9,GB_GCA_018662075,-338.78,2264,-0.14963780918727915
JABJGX010000022.1_1,GB_GCA_018662075,-411.59,2248,-0.18309163701067616
JABJGX010000022.1_2,GB_GCA_018662075,-40.059999999999995,931,-0.04302900107411385
JABJGX010000022.1_3,GB_GCA_018662075,-149.63000000000002,491,-0.304745417515275
JABJGX010000022.1_4,GB_GCA_018662075,-82.05000000000001,957,-0.08573667711598747
JABJGX010000022.1_5,GB_GCA_018662075,-353.76,1797,-0.19686143572621034
JABJGX010000008.1_1,GB_GCA_018662075,-718.9300000000001,5215,-0.13785810162991372
JABJGX010000008.1_2,GB_GCA_018662075,-118.09,1138,-0.10376977152899824
JABJGX010000008.1_3,GB_GCA_018662075,-61.940000000000005,316,-0.1960126582278481
JABJGX010000007.1_1,GB_GCA_018662075,-193.6,2311,-0.08377325832972739
JABJGX010000007.1_2,GB_GCA_018662075,-255.45999999999998,1660,-0.15389156626506023
JABJGX010000006.1_1,GB_GCA_018662075,4.07,132,0.030833333333333334
JABJGX010000006.1_2,GB_GCA_018662075,-132.23000000000002,809,-0.16344870210135973
JABJGX010000006.1_3,GB_GCA_018662075,-477.2,3258,-0.14647022713321056
JABJGX010000005.1_1,GB_GCA_018662075,-161.58,674,-0.23973293768545995
JABJGX010000005.1_2,GB_GCA_018662075,-447.5,1982,-0.22578203834510596
JABJGX010000005.1_3,GB_GCA_018662075,-335.25,1793,-0.1869771332961517
JABJGX010000005.1_4,GB_GCA_018662075,-179.73000000000002,1115,-0.16119282511210764
JABJGX010000051.1_1,GB_GCA_018662075,-149.78,847,-0.17683589138134592
JABJGX010000051.1_2,GB_GCA_018662075,-31.990000000000002,516,-0.06199612403100776
JABJGX010000051.1_3,GB_GCA_018662075,-119.00999999999999,1439,-0.0827032661570535
JABJGX010000051.1_4,GB_GCA_018662075,-405.34999999999997,2799,-0.14481957842086457
JABJGX010000051.1_5,GB_GCA_018662075,-111.77000000000001,789,-0.14166032953105198
JABJGX010000051.1_6,GB_GCA_018662075,-1.9900000000000033,429,-0.004638694638694646
JABJGX010000051.1_7,GB_GCA_018662075,-657.26,3218,-0.20424487259167184
JABJGX010000051.1_8,GB_GCA_018662075,-283.96000000000004,1615,-0.17582662538699692
JABJGX010000051.1_9,GB_GCA_018662075,-40.110000000000014,586,-0.06844709897610923
JABJGX010000051.1_10,GB_GCA_018662075,-908.3599999999999,3264,-0.27829656862745095
JABJGX010000051.1_11,GB_GCA_018662075,-303.38,933,-0.32516613076098605
JABJGX010000051.1_12,GB_GCA_018662075,-138.05,907,-0.1522050716648291
JABJGX010000051.1_13,GB_GCA_018662075,-371.73,1650,-0.2252909090909091
JABJGX010000051.1_14,GB_GCA_018662075,-104.04999999999998,558,-0.1864695340501792
JABJGX010000051.1_15,GB_GCA_018662075,-6.049999999999997,270,-0.022407407407407397
JABJGX010000051.1_16,GB_GCA_018662075,-497.42999999999995,2853,-0.1743533123028391
JABJGX010000051.1_17,GB_GCA_018662075,-347.7,2318,-0.15
JABJGX010000051.1_18,GB_GCA_018662075,-433.43000000000006,1298,-0.33392141756548543
JABJGX010000051.1_19,GB_GCA_018662075,-220.23,1055,-0.20874881516587676
JABJGX010000051.1_20,GB_GCA_018662075,-102.19,580,-0.17618965517241378
JABJGX010000051.1_21,GB_GCA_018662075,-70.25999999999999,316,-0.2223417721518987
JABJGX010000051.1_22,GB_GCA_018662075,-160.44,939,-0.17086261980830672
JABJGX010000051.1_23,GB_GCA_018662075,-311.68999999999994,1452,-0.21466253443526168
JABJGX010000051.1_24,GB_GCA_018662075,-195.61,1028,-0.1902821011673152
JABJGX010000051.1_25,GB_GCA_018662075,-190.04,614,-0.30951140065146576
JABJGX010000024.1_1,GB_GCA_018662075,-288.19,1680,-0.17154166666666668
JABJGX010000024.1_2,GB_GCA_018662075,-57.97999999999999,490,-0.11832653061224488
JABJGX010000024.1_3,GB_GCA_018662075,-109.85,478,-0.22981171548117155
JABJGX010000024.1_4,GB_GCA_018662075,-347.49,988,-0.3517105263157895
JABJGX010000024.1_5,GB_GCA_018662075,-103.78,631,-0.16446909667194928
JABJGX010000024.1_6,GB_GCA_018662075,-13.949999999999998,442,-0.03156108597285067
JABJGX010000024.1_7,GB_GCA_018662075,-304.61,2520,-0.12087698412698414
JABJGX010000024.1_8,GB_GCA_018662075,-763.3100000000001,4038,-0.18903169886082222
JABJGX010000024.1_9,GB_GCA_018662075,-291.15,815,-0.35723926380368093
JABJGX010000024.1_10,GB_GCA_018662075,-135.62,986,-0.13754563894523328
JABJGX010000024.1_11,GB_GCA_018662075,-273.87,1352,-0.20256656804733728
JABJGX010000024.1_12,GB_GCA_018662075,-389.39,2475,-0.15732929292929293
JABJGX010000024.1_13,GB_GCA_018662075,-307.53,2092,-0.14700286806883364
JABJGX010000024.1_14,GB_GCA_018662075,-130.98000000000002,5365,-0.02441379310344828
JABJGX010000024.1_15,GB_GCA_018662075,-704.43,2349,-0.29988505747126437
JABJGX010000024.1_16,GB_GCA_018662075,-226.29000000000002,1725,-0.13118260869565218
JABJGX010000024.1_17,GB_GCA_018662075,-191.87,817,-0.23484700122399021
JABJGX010000024.1_18,GB_GCA_018662075,-656.7,2076,-0.31632947976878617
JABJGX010000024.1_19,GB_GCA_018662075,-269.52,1787,-0.15082260772243983
JABJGX010000024.1_20,GB_GCA_018662075,20.169999999999998,158,0.12765822784810124
JABJGX010000076.1_1,GB_GCA_018662075,-49.89000000000001,345,-0.14460869565217394
JABJGX010000076.1_2,GB_GCA_018662075,-846.22,2477,-0.3416310052482842
JABJGX010000076.1_3,GB_GCA_018662075,-458.09,2079,-0.22034151034151034
JABJGX010000004.1_1,GB_GCA_018662075,-161.95,768,-0.2108723958333333
JABJGX010000004.1_2,GB_GCA_018662075,-135.74999999999997,1168,-0.11622431506849312
JABJGX010000004.1_3,GB_GCA_018662075,-42.15999999999999,1123,-0.037542297417631335
JABJGX010000004.1_4,GB_GCA_018662075,-107.57000000000001,938,-0.11468017057569298
JABJGX010000004.1_5,GB_GCA_018662075,-153.44,1310,-0.1171297709923664
JABJGX010000004.1_6,GB_GCA_018662075,-153.89999999999998,1209,-0.12729528535980147
JABJGX010000004.1_7,GB_GCA_018662075,-213.96000000000004,1458,-0.14674897119341565
JABJGX010000004.1_8,GB_GCA_018662075,-247.76999999999998,1505,-0.1646312292358804
JABJGX010000004.1_9,GB_GCA_018662075,-211.35,1687,-0.12528156490812092
JABJGX010000004.1_10,GB_GCA_018662075,-213.13,1624,-0.13123768472906402
JABJGX010000004.1_11,GB_GCA_018662075,-199.79,1750,-0.11416571428571429
JABJGX010000004.1_12,GB_GCA_018662075,-139.35,1571,-0.08870146403564608
JABJGX010000004.1_13,GB_GCA_018662075,-253.71000000000004,1336,-0.18990269461077847
JABJGX010000004.1_14,GB_GCA_018662075,-27.57999999999999,745,-0.03702013422818791
JABJGX010000004.1_15,GB_GCA_018662075,-103.6,879,-0.11786120591581342
JABJGX010000004.1_16,GB_GCA_018662075,-467.34000000000003,1761,-0.2653833049403748
JABJGX010000004.1_17,GB_GCA_018662075,-371.44,1870,-0.19863101604278074
JABJGX010000004.1_18,GB_GCA_018662075,-321.06,1869,-0.1717817014446228
JABJGX010000004.1_19,GB_GCA_018662075,-13.8,301,-0.04584717607973422
JABJGX010000004.1_20,GB_GCA_018662075,-429.52,2415,-0.1778550724637681
JABJGX010000053.1_1,GB_GCA_018662075,-59.849999999999994,492,-0.12164634146341462
JABJGX010000053.1_2,GB_GCA_018662075,-191.82,1181,-0.1624216765453006
JABJGX010000053.1_3,GB_GCA_018662075,-183.45,886,-0.20705417607223475
JABJGX010000053.1_4,GB_GCA_018662075,-19.75999999999999,599,-0.032988313856427365
JABJGX010000053.1_5,GB_GCA_018662075,-50.03,446,-0.11217488789237669
JABJGX010000053.1_6,GB_GCA_018662075,-44.16000000000001,487,-0.09067761806981521
JABJGX010000053.1_7,GB_GCA_018662075,-313.55,4020,-0.07799751243781095
JABJGX010000053.1_8,GB_GCA_018662075,-958.11,6423,-0.14916861279775806
JABJGX010000053.1_9,GB_GCA_018662075,-102.35,687,-0.148981077147016
JABJGX010000053.1_10,GB_GCA_018662075,-158.22,758,-0.2087335092348285
JABJGX010000053.1_11,GB_GCA_018662075,-429.54,3404,-0.126186839012926
JABJGX010000053.1_12,GB_GCA_018662075,-273.93,1514,-0.18093130779392338
JABJGX010000053.1_13,GB_GCA_018662075,-518.47,1789,-0.2898099496925657
JABJGX010000053.1_14,GB_GCA_018662075,-53.790000000000006,258,-0.2084883720930233
JABJGX010000053.1_15,GB_GCA_018662075,-123.51,1116,-0.11067204301075269
JABJGX010000053.1_16,GB_GCA_018662075,-516.1,5448,-0.09473201174743025
JABJGX010000053.1_17,GB_GCA_018662075,-61.910000000000004,718,-0.08622562674094708
JABJGX010000053.1_18,GB_GCA_018662075,-37.92000000000001,474,-0.08000000000000002
JABJGX010000053.1_19,GB_GCA_018662075,-333.72,1792,-0.18622767857142858
JABJGX010000053.1_20,GB_GCA_018662075,-291.13,2139,-0.13610565684899487
JABJGX010000053.1_21,GB_GCA_018662075,-704.6000000000001,4217,-0.16708560588095805
JABJGX010000053.1_22,GB_GCA_018662075,-151.89,690,-0.22013043478260869
JABJGX010000053.1_23,GB_GCA_018662075,-158.12,1191,-0.13276238455079764
JABJGX010000053.1_24,GB_GCA_018662075,-265.95,1194,-0.22273869346733668
JABJGX010000053.1_25,GB_GCA_018662075,-61.99,702,-0.08830484330484331
JABJGX010000053.1_26,GB_GCA_018662075,-299.23,2494,-0.11997995188452286
JABJGX010000053.1_27,GB_GCA_018662075,-909.58,3019,-0.30128519377277246
JABJGX010000053.1_28,GB_GCA_018662075,-349.84000000000003,1719,-0.20351367073880164
JABJGX010000003.1_1,GB_GCA_018662075,-247.49,1560,-0.1586474358974359
JABJGX010000003.1_2,GB_GCA_018662075,-692.33,3970,-0.1743904282115869
JABJGX010000003.1_3,GB_GCA_018662075,-78.11,418,-0.18686602870813396
JABJGX010000003.1_4,GB_GCA_018662075,-106.01000000000002,875,-0.12115428571428574
JABJGX010000003.1_5,GB_GCA_018662075,-76.02,679,-0.11195876288659794
JABJGX010000058.1_1,GB_GCA_018662075,-239.37,1566,-0.1528544061302682
JABJGX010000058.1_2,GB_GCA_018662075,-271.5,1362,-0.19933920704845814
JABJGX010000058.1_3,GB_GCA_018662075,-782.09,2430,-0.3218477366255144
JABJGX010000002.1_1,GB_GCA_018662075,-51.940000000000005,210,-0.24733333333333335
JABJGX010000002.1_2,GB_GCA_018662075,-179.68,1164,-0.1543642611683849
JABJGX010000002.1_3,GB_GCA_018662075,-154.02,930,-0.16561290322580646
JABJGX010000002.1_4,GB_GCA_018662075,-646.6700000000001,2155,-0.3000788863109049
JABJGX010000002.1_5,GB_GCA_018662075,-96.24,675,-0.14257777777777778
JABJGX010000002.1_6,GB_GCA_018662075,-55.849999999999994,146,-0.3825342465753424
JABJGX010000033.1_1,GB_GCA_018662075,-117.79,375,-0.3141066666666667
JABJGX010000033.1_2,GB_GCA_018662075,-161.8,1178,-0.13735144312393888
JABJGX010000033.1_3,GB_GCA_018662075,-125.39000000000001,1033,-0.12138431752178123
JABJGX010000033.1_4,GB_GCA_018662075,-185.47,1805,-0.10275346260387812
JABJGX010000033.1_5,GB_GCA_018662075,-187.55,1410,-0.13301418439716312
JABJGX010000001.1_1,GB_GCA_018662075,-453.33000000000004,3340,-0.13572754491017966
JABJGX010000001.1_2,GB_GCA_018662075,-115.57,989,-0.11685540950455005
JABJGX010000001.1_3,GB_GCA_018662075,-249.52,685,-0.3642627737226278
JABJGX010000001.1_4,GB_GCA_018662075,-48.080000000000005,180,-0.26711111111111113
JABJGX010000001.1_5,GB_GCA_018662075,-245.82999999999998,1925,-0.1277038961038961
JABJGX010000001.1_6,GB_GCA_018662075,-246.59,2260,-0.10911061946902655
JABJGX010000001.1_7,GB_GCA_018662075,-169.89999999999998,777,-0.21866151866151864
JABJGX010000001.1_8,GB_GCA_018662075,-121.94,861,-0.1416260162601626
JABJGX010000001.1_9,GB_GCA_018662075,-687.4599999999999,4673,-0.14711320350952278
JABJGX010000001.1_10,GB_GCA_018662075,-349.34000000000003,1584,-0.22054292929292932
JABJGX010000001.1_11,GB_GCA_018662075,-185.36999999999998,1111,-0.16684968496849684
JABJGX010000047.1_1,GB_GCA_018662075,-17.990000000000002,214,-0.08406542056074767
JABJGX010000047.1_2,GB_GCA_018662075,-351.71999999999997,1670,-0.21061077844311377
JABJGX010000047.1_3,GB_GCA_018662075,-173.43,1155,-0.15015584415584415
JABJGX010000047.1_4,GB_GCA_018662075,-223.47000000000003,1576,-0.14179568527918784
JABJGX010000047.1_5,GB_GCA_018662075,-355.25,1833,-0.19380796508456083
JABJGX010000047.1_6,GB_GCA_018662075,-311.58,1829,-0.17035538545653361
JABJGX010000047.1_7,GB_GCA_018662075,-303.59000000000003,1705,-0.17805865102639298
JABJGX010000047.1_8,GB_GCA_018662075,-209.63000000000002,1226,-0.17098694942903753
JABJGX010000047.1_9,GB_GCA_018662075,-293.29,1759,-0.16673678226264924
JABJGX010000047.1_10,GB_GCA_018662075,-652.04,2803,-0.23262219051016766
JABJGX010000047.1_11,GB_GCA_018662075,-317.45,1779,-0.17844294547498593
JABJGX010000047.1_12,GB_GCA_018662075,-275.37,1270,-0.2168267716535433
JABJGX010000036.1_1,GB_GCA_018662075,-125.83,1138,-0.11057117750439367
JABJGX010000036.1_2,GB_GCA_018662075,-147.86999999999998,987,-0.14981762917933128
JABJGX010000036.1_3,GB_GCA_018662075,-111.79,823,-0.1358323207776428
JABJGX010000036.1_4,GB_GCA_018662075,-132.14,587,-0.22511073253833047
JABJGX010000036.1_5,GB_GCA_018662075,-37.949999999999996,444,-0.08547297297297296
JABJGX010000021.1_1,GB_GCA_018662075,-97.75999999999999,883,-0.11071347678369195
JABJGX010000021.1_2,GB_GCA_018662075,-153.74,1259,-0.12211278792692613
JABJGX010000021.1_3,GB_GCA_018662075,-467.2900000000001,1302,-0.3589016897081414
JABJGX010000021.1_4,GB_GCA_018662075,-354.9,1272,-0.27900943396226413
JABJGX010000021.1_5,GB_GCA_018662075,-379.02000000000004,1182,-0.32065989847715737
JABJGX010000021.1_6,GB_GCA_018662075,-71.64,1101,-0.06506811989100818
JABJGX010000021.1_7,GB_GCA_018662075,-123.94999999999999,655,-0.18923664122137404
JABJGX010000021.1_8,GB_GCA_018662075,-30.270000000000003,297,-0.10191919191919192
JABJGX010000021.1_9,GB_GCA_018662075,-94.06,658,-0.14294832826747722
JABJGX010000021.1_10,GB_GCA_018662075,-269.78,1898,-0.14213909378292938
JABJGX010000021.1_11,GB_GCA_018662075,-243.77,1684,-0.14475653206650832
JABJGX010000021.1_12,GB_GCA_018662075,-261.54,1369,-0.1910445580715851
JABJGX010000021.1_13,GB_GCA_018662075,-183.59000000000003,1210,-0.15172727272727277
JABJGX010000021.1_14,GB_GCA_018662075,-36.129999999999995,192,-0.1881770833333333
JABJGX010000026.1_1,GB_GCA_018662075,-3.869999999999999,103,-0.03757281553398058
JABJGX010000026.1_2,GB_GCA_018662075,-91.62999999999998,427,-0.21459016393442618
JABJGX010000026.1_3,GB_GCA_018662075,-48.21,451,-0.10689578713968959
JABJGX010000026.1_4,GB_GCA_018662075,-107.14000000000001,1663,-0.06442573662056525
JABJGX010000026.1_5,GB_GCA_018662075,-191.39,1542,-0.12411802853437094
JABJGX010000026.1_6,GB_GCA_018662075,-437.08,1858,-0.23524219590958018
JABJGX010000026.1_7,GB_GCA_018662075,-61.79999999999999,509,-0.12141453831041256
JABJGX010000026.1_8,GB_GCA_018662075,-443.07,1350,-0.3282
JABJGX010000020.1_1,GB_GCA_018662075,-287.72,1327,-0.21681989449886965
JABJGX010000020.1_2,GB_GCA_018662075,-73.75999999999999,474,-0.15561181434599153
JABJGX010000020.1_3,GB_GCA_018662075,-59.66,1596,-0.037380952380952376
JABJGX010000020.1_4,GB_GCA_018662075,-73.04,1110,-0.06580180180180181
JABJGX010000020.1_5,GB_GCA_018662075,-314.49,2649,-0.11872027180067951
JABJGX010000020.1_6,GB_GCA_018662075,-463.51,3263,-0.14205026049647562
JABJGX010000056.1_1,GB_GCA_018662075,-155.35,1079,-0.14397590361445783
JABJGX010000056.1_2,GB_GCA_018662075,-121.86000000000001,1081,-0.11272895467160038
JABJGX010000056.1_3,GB_GCA_018662075,-66.03,432,-0.15284722222222222
JABJGX010000056.1_4,GB_GCA_018662075,-203.61,1120,-0.18179464285714286
JABJGX010000056.1_5,GB_GCA_018662075,-291.98,1202,-0.2429118136439268
JABJGX010000056.1_6,GB_GCA_018662075,-126.07,528,-0.2387689393939394
JABJGX010000049.1_1,GB_GCA_018662075,-105.71,1070,-0.09879439252336449
JABJGX010000049.1_2,GB_GCA_018662075,-201.71000000000004,1207,-0.16711681855840932
JABJGX010000049.1_3,GB_GCA_018662075,-37.119999999999976,5864,-0.00633015006821282
JABJGX010000049.1_4,GB_GCA_018662075,-393.84999999999997,2359,-0.16695633743111488
JABJGX010000049.1_5,GB_GCA_018662075,525.4599999999999,2919,0.1800137033230558
JABJGX010000039.1_1,GB_GCA_018662075,-95.88000000000001,589,-0.16278438030560274
JABJGX010000039.1_2,GB_GCA_018662075,-387.38,2036,-0.19026522593320236
JABJGX010000039.1_3,GB_GCA_018662075,-635.42,2447,-0.25967306906416016
JABJGX010000039.1_4,GB_GCA_018662075,-231.76,1235,-0.18765991902834006
JABJGX010000039.1_5,GB_GCA_018662075,-193.74,923,-0.20990249187432286
JABJGX010000039.1_6,GB_GCA_018662075,10.16,504,0.02015873015873016
JABJGX010000039.1_7,GB_GCA_018662075,-91.39999999999999,958,-0.09540709812108558
JABJGX010000039.1_8,GB_GCA_018662075,-559.02,1701,-0.328641975308642
JABJGX010000039.1_9,GB_GCA_018662075,-58.12,776,-0.07489690721649485
JABJGX010000039.1_10,GB_GCA_018662075,-954.02,3034,-0.3144429795649308
JABJGX010000039.1_11,GB_GCA_018662075,-315.37,1909,-0.16520167627029858
JABJGX010000039.1_12,GB_GCA_018662075,-313.01,2042,-0.15328599412340843
JABJGX010000039.1_13,GB_GCA_018662075,-100.99000000000001,2096,-0.04818225190839695
JABJGX010000039.1_14,GB_GCA_018662075,-161.75,997,-0.16223671013039118
JABJGX010000039.1_15,GB_GCA_018662075,-131.6,1113,-0.11823899371069183
JABJGX010000039.1_16,GB_GCA_018662075,-41.81,457,-0.09148796498905909
JABJGX010000037.1_1,GB_GCA_018662075,-71.96999999999997,1160,-0.062043103448275835
JABJGX010000037.1_2,GB_GCA_018662075,-203.38000000000002,1574,-0.12921219822109278
JABJGX010000037.1_3,GB_GCA_018662075,-588.7,3101,-0.18984198645598196
JABJGX010000038.1_1,GB_GCA_018662075,-396.88,3865,-0.10268564036222509
JABJGX010000038.1_2,GB_GCA_018662075,-183.26999999999998,1374,-0.13338427947598253
JABJGX010000038.1_3,GB_GCA_018662075,-155.54,1366,-0.11386530014641288
JABJGX010000038.1_4,GB_GCA_018662075,-400.71000000000004,6454,-0.06208707778122095
JABJGX010000038.1_5,GB_GCA_018662075,-64.01,190,-0.3368947368421053
JABJGX010000038.1_6,GB_GCA_018662075,-137.87,1374,-0.10034206695778748
JABJGX010000038.1_7,GB_GCA_018662075,-42.0,488,-0.0860655737704918
JABJGX010000038.1_8,GB_GCA_018662075,-243.81,1430,-0.1704965034965035
JABJGX010000038.1_9,GB_GCA_018662075,-203.95999999999998,736,-0.2771195652173913
JABJGX010000038.1_10,GB_GCA_018662075,-417.29,2536,-0.16454652996845426
JABJGX010000038.1_11,GB_GCA_018662075,-197.5,1210,-0.16322314049586778
JABJGX010000038.1_12,GB_GCA_018662075,-263.48,1658,-0.1589143546441496
JABJGX010000038.1_13,GB_GCA_018662075,-620.59,2066,-0.30038238141335916
JABJGX010000038.1_14,GB_GCA_018662075,-193.47000000000003,1451,-0.1333356305995865
JABJGX010000038.1_15,GB_GCA_018662075,-147.66000000000003,915,-0.1613770491803279
JABJGX010000038.1_16,GB_GCA_018662075,-455.53,4510,-0.10100443458980043
JABJGX010000038.1_17,GB_GCA_018662075,-221.76,1611,-0.1376536312849162
JABJGX010000038.1_18,GB_GCA_018662075,-228.08999999999997,1261,-0.18088025376685168
JABJGX010000038.1_19,GB_GCA_018662075,-15.970000000000002,419,-0.038114558472553704
JABJGX010000038.1_20,GB_GCA_018662075,-209.67000000000002,1066,-0.19668855534709195
JABJGX010000038.1_21,GB_GCA_018662075,-170.0,1188,-0.14309764309764308
JABJGX010000038.1_22,GB_GCA_018662075,-129.94,1064,-0.12212406015037594
JABJGX010000038.1_23,GB_GCA_018662075,-193.92000000000002,1005,-0.19295522388059702
JABJGX010000038.1_24,GB_GCA_018662075,20.14,146,0.13794520547945205
JABJGX010000038.1_25,GB_GCA_018662075,-229.2,2311,-0.09917784508870618
JABJGX010000038.1_26,GB_GCA_018662075,-25.880000000000003,294,-0.08802721088435375
JABJGX010000038.1_27,GB_GCA_018662075,-85.97000000000001,633,-0.1358135860979463
JABJGX010000038.1_28,GB_GCA_018662075,-175.51,1289,-0.13615981380915437
JABJGX010000038.1_29,GB_GCA_018662075,-227.63,1151,-0.1977671589921807
JABJGX010000038.1_30,GB_GCA_018662075,-127.73,753,-0.1696281540504648
JABJGX010000043.1_1,GB_GCA_018662075,-196.04000000000002,1754,-0.11176738882554163
JABJGX010000043.1_2,GB_GCA_018662075,-293.32000000000005,914,-0.3209190371991248
JABJGX010000043.1_3,GB_GCA_018662075,-159.79000000000002,580,-0.2755
JABJGX010000043.1_4,GB_GCA_018662075,-343.03,2591,-0.13239289849478963
JABJGX010000043.1_5,GB_GCA_018662075,-31.85,532,-0.059868421052631585
JABJGX010000043.1_6,GB_GCA_018662075,-25.97,110,-0.23609090909090907
JABJGX010000019.1_1,GB_GCA_018662075,-252.83,1454,-0.17388583218707016
JABJGX010000019.1_2,GB_GCA_018662075,-600.9200000000001,1767,-0.3400792303338993
JABJGX010000019.1_3,GB_GCA_018662075,-55.85,657,-0.0850076103500761
JABJGX010000019.1_4,GB_GCA_018662075,-307.78,1987,-0.15489682939104177
JABJGX010000019.1_5,GB_GCA_018662075,-581.6,2707,-0.2148503878832656
JABJGX010000019.1_6,GB_GCA_018662075,-217.71,963,-0.2260747663551402
JABJGX010000019.1_7,GB_GCA_018662075,-255.89999999999998,1388,-0.18436599423631123
JABJGX010000035.1_1,GB_GCA_018662075,-78.17999999999999,348,-0.22465517241379307
JABJGX010000035.1_2,GB_GCA_018662075,-160.26999999999998,1098,-0.14596539162112931
JABJGX010000035.1_3,GB_GCA_018662075,-114.06000000000002,943,-0.12095440084835633
JABJGX010000035.1_4,GB_GCA_018662075,-64.05999999999999,326,-0.19650306748466254
JABJGX010000035.1_5,GB_GCA_018662075,-53.970000000000006,190,-0.2840526315789474
JABJGX010000035.1_6,GB_GCA_018662075,-207.97,725,-0.2868551724137931
JABJGX010000035.1_7,GB_GCA_018662075,-113.96000000000001,546,-0.20871794871794874
JABJGX010000035.1_8,GB_GCA_018662075,-241.65000000000003,637,-0.37935635792778655
JABJGX010000035.1_9,GB_GCA_018662075,-101.71,810,-0.1255679012345679
JABJGX010000035.1_10,GB_GCA_018662075,-91.85999999999999,829,-0.11080820265379974
JABJGX010000035.1_11,GB_GCA_018662075,-99.96,641,-0.15594383775351012
JABJGX010000035.1_12,GB_GCA_018662075,-434.88,2747,-0.15831088460138332
JABJGX010000035.1_13,GB_GCA_018662075,-161.85999999999999,960,-0.16860416666666664
JABJGX010000035.1_14,GB_GCA_018662075,-97.66,860,-0.11355813953488372
JABJGX010000017.1_1,GB_GCA_018662075,-59.910000000000004,230,-0.2604782608695652
JABJGX010000017.1_2,GB_GCA_018662075,-71.82,282,-0.25468085106382976
JABJGX010000017.1_3,GB_GCA_018662075,-93.82000000000001,507,-0.1850493096646943
JABJGX010000017.1_4,GB_GCA_018662075,-45.7,422,-0.10829383886255925
JABJGX010000017.1_5,GB_GCA_018662075,-65.91,281,-0.23455516014234873
JABJGX010000017.1_6,GB_GCA_018662075,-287.36,2050,-0.14017560975609758
JABJGX010000017.1_7,GB_GCA_018662075,-67.83,560,-0.121125
JABJGX010000017.1_8,GB_GCA_018662075,-237.56,1678,-0.14157330154946365
JABJGX010000017.1_9,GB_GCA_018662075,-187.33999999999997,1223,-0.15318070318887977
JABJGX010000017.1_10,GB_GCA_018662075,-148.56000000000003,2421,-0.06136307311028502
JABJGX010000017.1_11,GB_GCA_018662075,-160.36,2925,-0.05482393162393163
JABJGX010000017.1_12,GB_GCA_018662075,-42.04000000000001,214,-0.19644859813084117
JABJGX010000023.1_1,GB_GCA_018662075,-79.90999999999998,159,-0.5025786163522011
JABJGX010000023.1_2,GB_GCA_018662075,-343.07,2169,-0.15816966343937297
JABJGX010000023.1_3,GB_GCA_018662075,-371.69,2145,-0.1732820512820513
JABJGX010000023.1_4,GB_GCA_018662075,-147.95,967,-0.1529989658738366
JABJGX010000023.1_5,GB_GCA_018662075,-195.47,1520,-0.1285986842105263
JABJGX010000023.1_6,GB_GCA_018662075,-526.46,3864,-0.13624741200828158
JABJGX010000023.1_7,GB_GCA_018662075,-125.56,909,-0.13812981298129814
JABJGX010000023.1_8,GB_GCA_018662075,-103.72,778,-0.13331619537275063
JABJGX010000023.1_9,GB_GCA_018662075,-536.64,2118,-0.253371104815864
JABJGX010000023.1_10,GB_GCA_018662075,-131.64000000000001,1053,-0.12501424501424502
JABJGX010000023.1_11,GB_GCA_018662075,-303.35,1789,-0.16956400223588597
JABJGX010000023.1_12,GB_GCA_018662075,-251.35,1897,-0.13249868212967844
JABJGX010000023.1_13,GB_GCA_018662075,-137.50000000000003,430,-0.3197674418604652
JABJGX010000023.1_14,GB_GCA_018662075,-97.82,515,-0.1899417475728155
JABJGX010000023.1_15,GB_GCA_018662075,-405.41,2140,-0.18944392523364487
JABJGX010000023.1_16,GB_GCA_018662075,-203.85,952,-0.2141281512605042
JABJGX010000023.1_17,GB_GCA_018662075,-255.79,1857,-0.13774367259019923
JABJGX010000023.1_18,GB_GCA_018662075,-4.039999999999999,497,-0.008128772635814888
JABJGX010000023.1_19,GB_GCA_018662075,-247.89,1102,-0.22494555353901996
JABJGX010000023.1_20,GB_GCA_018662075,-688.3499999999999,4337,-0.15871570209822455
JABJGX010000023.1_21,GB_GCA_018662075,-28.039999999999996,333,-0.08420420420420419
JABJGX010000023.1_22,GB_GCA_018662075,-181.65,1179,-0.15407124681933843
JABJGX010000023.1_23,GB_GCA_018662075,-685.04,4441,-0.15425354649853637
JABJGX010000023.1_24,GB_GCA_018662075,-63.71,639,-0.09970266040688576
JABJGX010000023.1_25,GB_GCA_018662075,-105.36,1474,-0.07147896879240163
JABJGX010000023.1_26,GB_GCA_018662075,-45.56000000000001,769,-0.05924577373211965
JABJGX010000023.1_27,GB_GCA_018662075,-153.07999999999998,1624,-0.09426108374384236
JABJGX010000023.1_28,GB_GCA_018662075,-231.42000000000002,2040,-0.11344117647058824
JABJGX010000023.1_29,GB_GCA_018662075,-166.01,999,-0.16617617617617617
JABJGX010000023.1_30,GB_GCA_018662075,-427.88,2414,-0.1772493786246893
JABJGX010000023.1_31,GB_GCA_018662075,-125.7,943,-0.1332979851537646
JABJGX010000023.1_32,GB_GCA_018662075,-203.68,997,-0.20429287863590773
JABJGX010000023.1_33,GB_GCA_018662075,-297.27,3400,-0.08743235294117646
JABJGX010000023.1_34,GB_GCA_018662075,-169.57,1028,-0.16495136186770426
JABJGX010000023.1_35,GB_GCA_018662075,-612.26,2186,-0.2800823421774931
JABJGX010000023.1_36,GB_GCA_018662075,-739.8900000000001,2562,-0.2887939110070258
JABJGX010000023.1_37,GB_GCA_018662075,-36.89000000000001,1872,-0.019706196581196586
JABJGX010000023.1_38,GB_GCA_018662075,-259.61,1129,-0.22994685562444642
JABJGX010000023.1_39,GB_GCA_018662075,-149.35,1030,-0.145
JABJGX010000029.1_1,GB_GCA_018662075,-65.77,224,-0.29361607142857143
JABJGX010000029.1_2,GB_GCA_018662075,-33.88,390,-0.08687179487179487
JABJGX010000029.1_3,GB_GCA_018662075,-188.67000000000002,2418,-0.0780272952853598
JABJGX010000029.1_4,GB_GCA_018662075,-267.01,1649,-0.161922377198302
JABJGX010000029.1_5,GB_GCA_018662075,-223.39,2888,-0.077351108033241
JABJGX010000029.1_6,GB_GCA_018662075,-215.32,819,-0.2629059829059829
JABJGX010000029.1_7,GB_GCA_018662075,-63.56,894,-0.07109619686800896
JABJGX010000029.1_8,GB_GCA_018662075,-227.77999999999997,1547,-0.14723981900452487
JABJGX010000029.1_9,GB_GCA_018662075,-185.89,1403,-0.13249465431218815
JABJGX010000029.1_10,GB_GCA_018662075,-251.18,1913,-0.1313016204913748
JABJGX010000029.1_11,GB_GCA_018662075,-50.160000000000004,321,-0.15626168224299067
JABJGX010000029.1_12,GB_GCA_018662075,-55.93,308,-0.18159090909090908
JABJGX010000029.1_13,GB_GCA_018662075,-93.65,1246,-0.07516051364365972
JABJGX010000029.1_14,GB_GCA_018662075,-77.6,542,-0.14317343173431732
JABJGX010000029.1_15,GB_GCA_018662075,-337.77,1899,-0.17786729857819905
JABJGX010000029.1_16,GB_GCA_018662075,-233.68,1553,-0.1504700579523503
JABJGX010000029.1_17,GB_GCA_018662075,-361.5400000000001,2834,-0.1275723359209598
JABJGX010000029.1_18,GB_GCA_018662075,-275.71000000000004,1849,-0.14911303407247162
JABJGX010000029.1_19,GB_GCA_018662075,-714.9100000000001,4223,-0.16928960454653091
JABJGX010000029.1_20,GB_GCA_018662075,-417.09,2851,-0.14629603647842862
JABJGX010000029.1_21,GB_GCA_018662075,-82.25999999999999,299,-0.27511705685618726
JABJGX010000013.1_1,GB_GCA_018662075,-41.77000000000001,376,-0.11109042553191492
JABJGX010000013.1_2,GB_GCA_018662075,-199.27000000000004,1603,-0.12431066749844044
JABJGX010000013.1_3,GB_GCA_018662075,-399.65999999999997,2139,-0.18684431977559607
JABJGX010000013.1_4,GB_GCA_018662075,-175.35,1510,-0.11612582781456954
JABJGX010000013.1_5,GB_GCA_018662075,-313.34000000000003,2158,-0.14519925857275257
JABJGX010000013.1_6,GB_GCA_018662075,-25.86,463,-0.05585313174946004
JABJGX010000013.1_7,GB_GCA_018662075,-61.7,502,-0.12290836653386454
JABJGX010000013.1_8,GB_GCA_018662075,-328.2,1572,-0.20877862595419847
JABJGX010000013.1_9,GB_GCA_018662075,-159.69000000000003,513,-0.3112865497076024
JABJGX010000013.1_10,GB_GCA_018662075,-691.1700000000001,3818,-0.18102933473022526
JABJGX010000013.1_11,GB_GCA_018662075,-109.84,890,-0.12341573033707866
JABJGX010000013.1_12,GB_GCA_018662075,-203.40000000000003,539,-0.377365491651206
JABJGX010000013.1_13,GB_GCA_018662075,-231.11999999999998,2065,-0.11192251815980628
JABJGX010000013.1_14,GB_GCA_018662075,-113.73,713,-0.15950911640953716
JABJGX010000013.1_15,GB_GCA_018662075,-44.029999999999994,431,-0.10215777262180974
JABJGX010000030.1_1,GB_GCA_018662075,-336.09,2105,-0.1596627078384798
JABJGX010000030.1_2,GB_GCA_018662075,-333.32000000000005,1041,-0.3201921229586936
JABJGX010000030.1_3,GB_GCA_018662075,-335.34999999999997,1791,-0.18724176437744275
JABJGX010000030.1_4,GB_GCA_018662075,-207.09999999999997,2328,-0.08896048109965635
JABJGX010000030.1_5,GB_GCA_018662075,-71.51,665,-0.10753383458646618
JABJGX010000030.1_6,GB_GCA_018662075,-51.370000000000005,1061,-0.048416588124410936
JABJGX010000030.1_7,GB_GCA_018662075,-137.33999999999997,1589,-0.08643171806167399
JABJGX010000030.1_8,GB_GCA_018662075,-259.40999999999997,831,-0.31216606498194943
JABJGX010000030.1_9,GB_GCA_018662075,-124.00999999999999,830,-0.14940963855421685
JABJGX010000025.1_1,GB_GCA_018662075,-567.41,3470,-0.1635187319884726
JABJGX010000025.1_2,GB_GCA_018662075,-115.93,593,-0.1954974704890388
JABJGX010000025.1_3,GB_GCA_018662075,-881.83,3131,-0.2816448419035452
JABJGX010000025.1_4,GB_GCA_018662075,-387.11,3968,-0.09755796370967743
JABJGX010000025.1_5,GB_GCA_018662075,-449.39,4325,-0.10390520231213872
JABJGX010000025.1_6,GB_GCA_018662075,-29.99999999999999,583,-0.051457975986277854
JABJGX010000025.1_7,GB_GCA_018662075,-239.66,1196,-0.20038461538461538
JABJGX010000025.1_8,GB_GCA_018662075,-61.910000000000004,1196,-0.05176421404682274
JABJGX010000025.1_9,GB_GCA_018662075,-223.6,1146,-0.1951134380453752
JABJGX010000025.1_10,GB_GCA_018662075,-436.99,1417,-0.3083909668313338
JABJGX010000025.1_11,GB_GCA_018662075,-173.53,518,-0.335
JABJGX010000025.1_12,GB_GCA_018662075,-141.5,1002,-0.1412175648702595
JABJGX010000025.1_13,GB_GCA_018662075,-89.42,905,-0.09880662983425414
JABJGX010000060.1_1,GB_GCA_018662075,-355.34,1891,-0.1879111581173982
JABJGX010000060.1_2,GB_GCA_018662075,-211.73000000000002,632,-0.3350158227848102
JABJGX010000060.1_3,GB_GCA_018662075,-177.85,1072,-0.16590485074626865
JABJGX010000060.1_4,GB_GCA_018662075,-1338.52,4899,-0.2732231067564809
JABJGX010000060.1_5,GB_GCA_018662075,-199.64999999999998,1019,-0.19592737978410205
JABJGX010000014.1_1,GB_GCA_018662075,-443.25,1331,-0.33302028549962437
JABJGX010000014.1_2,GB_GCA_018662075,-280.62,1548,-0.18127906976744187
JABJGX010000014.1_3,GB_GCA_018662075,-215.16,2427,-0.08865265760197776
JABJGX010000014.1_4,GB_GCA_018662075,-185.3,1652,-0.11216707021791768
JABJGX010000014.1_5,GB_GCA_018662075,-47.919999999999995,406,-0.1180295566502463
JABJGX010000014.1_6,GB_GCA_018662075,-261.15,1038,-0.2515895953757225
JABJGX010000014.1_7,GB_GCA_018662075,-14.040000000000001,211,-0.06654028436018958
JABJGX010000014.1_8,GB_GCA_018662075,-191.86999999999998,1568,-0.12236607142857141
JABJGX010000014.1_9,GB_GCA_018662075,-159.8,961,-0.16628511966701354
JABJGX010000014.1_10,GB_GCA_018662075,-179.66000000000003,503,-0.35717693836978137
JABJGX010000014.1_11,GB_GCA_018662075,-30.090000000000003,199,-0.1512060301507538
JABJGX010000063.1_1,GB_GCA_018662075,-91.71000000000001,710,-0.12916901408450707
JABJGX010000063.1_2,GB_GCA_018662075,-203.73000000000002,1606,-0.12685554171855543
JABJGX010000063.1_3,GB_GCA_018662075,-412.29999999999995,3007,-0.13711340206185565
JABJGX010000064.1_1,GB_GCA_018662075,-131.96,621,-0.2124959742351047
JABJGX010000064.1_2,GB_GCA_018662075,-52.300000000000004,246,-0.21260162601626018
JABJGX010000064.1_3,GB_GCA_018662075,-70.46000000000001,608,-0.11588815789473686
JABJGX010000064.1_4,GB_GCA_018662075,-76.19000000000001,599,-0.12719532554257096
JABJGX010000064.1_5,GB_GCA_018662075,-154.11,1044,-0.14761494252873564
JABJGX010000064.1_6,GB_GCA_018662075,-239.65,1578,-0.15186945500633714
JABJGX010000064.1_7,GB_GCA_018662075,-112.19999999999997,618,-0.18155339805825238
JABJGX010000064.1_8,GB_GCA_018662075,-109.97,717,-0.15337517433751743
JABJGX010000064.1_9,GB_GCA_018662075,-100.15,662,-0.15128398791540787
JABJGX010000064.1_10,GB_GCA_018662075,-115.73,611,-0.18941080196399346
JABJGX010000064.1_11,GB_GCA_018662075,-46.019999999999996,681,-0.06757709251101321
JABJGX010000064.1_12,GB_GCA_018662075,-42.0,356,-0.11797752808988764
JABJGX010000064.1_13,GB_GCA_018662075,-293.63,1723,-0.1704178757980267
JABJGX010000064.1_14,GB_GCA_018662075,-479.06999999999994,1475,-0.324793220338983
JABJGX010000064.1_15,GB_GCA_018662075,-11.97,206,-0.05810679611650486
JABJGX010000064.1_16,GB_GCA_018662075,-303.93,1266,-0.24007109004739338
JABJGX010000064.1_17,GB_GCA_018662075,-111.77999999999999,1125,-0.09935999999999999
JABJGX010000064.1_18,GB_GCA_018662075,-49.91000000000001,675,-0.07394074074074075
JABJGX010000064.1_19,GB_GCA_018662075,-83.85000000000001,362,-0.23162983425414366
JABJGX010000067.1_1,GB_GCA_018662075,-75.89,652,-0.1163957055214724
JABJGX010000067.1_2,GB_GCA_018662075,-545.26,1864,-0.2925214592274678
JABJGX010000067.1_3,GB_GCA_018662075,-403.71999999999997,2444,-0.16518821603927986
JABJGX010000067.1_4,GB_GCA_018662075,-483.23,3105,-0.15562962962962965
JABJGX010000067.1_5,GB_GCA_018662075,-187.84,1333,-0.1409152288072018
JABJGX010000015.1_1,GB_GCA_018662075,-79.31000000000002,2047,-0.03874450415241818
JABJGX010000015.1_2,GB_GCA_018662075,-291.96000000000004,1367,-0.21357717629846382
JABJGX010000015.1_3,GB_GCA_018662075,-92.03999999999999,547,-0.1682632541133455
JABJGX010000015.1_4,GB_GCA_018662075,-273.5,1622,-0.1686189889025894
JABJGX010000015.1_5,GB_GCA_018662075,-543.4,3802,-0.14292477643345608
JABJGX010000015.1_6,GB_GCA_018662075,-193.98,1348,-0.1439020771513353
JABJGX010000015.1_7,GB_GCA_018662075,-437.12,2873,-0.15214758092586148
JABJGX010000015.1_8,GB_GCA_018662075,-329.27,2300,-0.1431608695652174
JABJGX010000015.1_9,GB_GCA_018662075,-83.86,482,-0.17398340248962654
JABJGX010000015.1_10,GB_GCA_018662075,-173.45999999999998,1445,-0.12004152249134947
JABJGX010000052.1_1,GB_GCA_018662075,-127.66999999999999,411,-0.310632603406326
JABJGX010000052.1_2,GB_GCA_018662075,-245.95,1016,-0.2420767716535433
JABJGX010000052.1_3,GB_GCA_018662075,-130.11,922,-0.141117136659436
JABJGX010000052.1_4,GB_GCA_018662075,-277.46999999999997,1565,-0.17729712460063896
JABJGX010000052.1_5,GB_GCA_018662075,-133.81,690,-0.19392753623188405
JABJGX010000052.1_6,GB_GCA_018662075,-163.70000000000002,989,-0.165520728008089
JABJGX010000052.1_7,GB_GCA_018662075,-647.88,5599,-0.11571352027147705
JABJGX010000052.1_8,GB_GCA_018662075,-573.95,2975,-0.19292436974789917
JABJGX010000052.1_9,GB_GCA_018662075,-37.93000000000001,361,-0.10506925207756235
JABJGX010000052.1_10,GB_GCA_018662075,-189.93,1149,-0.16530026109660576
JABJGX010000052.1_11,GB_GCA_018662075,-37.99,453,-0.08386313465783665
JABJGX010000052.1_12,GB_GCA_018662075,-165.67000000000002,793,-0.20891551071878942
JABJGX010000052.1_13,GB_GCA_018662075,-243.13,2010,-0.12096019900497512
JABJGX010000052.1_14,GB_GCA_018662075,-255.27999999999997,2090,-0.12214354066985644
JABJGX010000052.1_15,GB_GCA_018662075,-295.51,1896,-0.1558597046413502
JABJGX010000052.1_16,GB_GCA_018662075,-480.7099999999999,3838,-0.1252501302761855
JABJGX010000052.1_17,GB_GCA_018662075,-338.89,2817,-0.12030173943911962
JABJGX010000052.1_18,GB_GCA_018662075,-374.98,2322,-0.1614900947459087
JABJGX010000052.1_19,GB_GCA_018662075,-50.040000000000006,174,-0.28758620689655173
